file_list;label;original_file;start;stop
10_l80aK6UQ;0;VID_20231111_105305.mp4;0.38;1.92
10_CDTwBZGH;1;VID_20231111_105305.mp4;1.92;2.438
11_JLIX5OLu;0;VID_20231111_105337.mp4;0;1.66
11_8psiimkc;1;VID_20231111_105337.mp4;1.66;1.92
12_10XWFzB8;1;VID_20231111_105421.mp4;0.005;0.825
12_bR2ZEgMS;0;VID_20231111_105421.mp4;0.825;2.245
12_svqXLxE9;1;VID_20231111_105421.mp4;2.245;2.837
13_yMYOhKVw;1;VID_20231111_105604.mp4;0;0.56
13_aXsD1w75;0;VID_20231111_105604.mp4;0.56;1.46
13_AHjoT5U4;1;VID_20231111_105604.mp4;1.46;1.948
27_7mYlkhXo;1;VID_20231111_110212.mp4;0;0.18
27_uFa6XbcY;0;VID_20231111_110212.mp4;0.18;1.66
27_e1P35HFi;1;VID_20231111_110212.mp4;1.66;1.92
28_LGU3Dl6s;0;VID_20231111_110221.mp4;0;1.5
29_ZKWitADD;0;VID_20231111_110226.mp4;0;1.46
31_hAj7n5Qc;0;VID_20231111_110707.mp4;0;1.24
32_4tXgtjsL;0;VID_20231111_110712.mp4;0;0.96
32_PQtkUZk9;1;VID_20231111_110712.mp4;0.96;1.156
33_oX4WDUrM;0;VID_20231111_110716.mp4;0;0.988
34_nG0tVgxu;0;VID_20231111_110721.mp4;0;1.06
35_1WXvOTO6;0;VID_20231111_110725.mp4;0;0.99
36_AjpuHLYB;0;VID_20231111_110729.mp4;0;0.863
37_40WlDJGZ;0;VID_20231111_110734.mp4;0;0.91
38_ssXshaJ5;0;VID_20231111_110738.mp4;0;1.18
39_d1C8cyxO;1;VID_20231118_123508.mp4;0;0.36
39_gO6fwo1q;0;VID_20231118_123508.mp4;0.36;1.36
39_cwORF4Tm;1;VID_20231118_123508.mp4;1.36;2.94
41_TzXdcW4D;1;VID_20231118_124759.mp4;0;0.14
41_mZOur0GI;0;VID_20231118_124759.mp4;0.14;1.18
41_CA8E5423;1;VID_20231118_124759.mp4;1.18;2.076
42_840bqX2P;1;VID_20231118_124804.mp4;0;0.42
42_gINfZI7g;0;VID_20231118_124804.mp4;0.42;1.9
42_tE9woboX;1;VID_20231118_124804.mp4;1.9;2.816
43_Sg57mnBh;1;VID_20231118_124810.mp4;0;0.2
43_JYzGghoX;0;VID_20231118_124810.mp4;0.2;1.94
44_2jeX6tTz;1;VID_20231118_124815.mp4;0;0.4
44_IFRVY7kI;0;VID_20231118_124815.mp4;0.4;2
44_KeiaX6gb;1;VID_20231118_124815.mp4;2;2.571
45_wUwQx4oR;1;VID_20231118_124821.mp4;0;0.26
45_c1lrEUtz;0;VID_20231118_124821.mp4;0.26;1.88
45_EXzBGpQU;1;VID_20231118_124821.mp4;1.88;2.262
46_pADbRAIR;1;VID_20231118_124826.mp4;0;0.44
46_STib80tm;0;VID_20231118_124826.mp4;0.44;1.76
46_BB1ZfYw0;1;VID_20231118_124826.mp4;1.76;2.263
47_dcDq5MAP;1;VID_20231118_124831.mp4;0;0.32
47_eAq5sZd4;0;VID_20231118_124831.mp4;0.32;1.82
47_vsXoEzlV;1;VID_20231118_124831.mp4;1.82;2.112
48_panO4FPS;0;VID_20231118_124836.mp4;0.16;1.48
48_qPNns7mr;1;VID_20231118_124836.mp4;1.48;1.794
49_nzK3EpQw;1;VID_20231118_124841.mp4;0;0.58
49_N90aWqBi;0;VID_20231118_124841.mp4;0.58;2
49_5oogloOx;1;VID_20231118_124841.mp4;2;2.347
56_YyWXuXjX;1;VID_20231130_205759.mp4;0;0.9
56_SGSkcnlv;0;VID_20231130_205759.mp4;0.9;2.44
56_i2HrP1bS;1;VID_20231130_205759.mp4;2.44;2.871
57_YgONEnGt;1;VID_20231130_205809.mp4;0;0.94
57_agjHYq0e;0;VID_20231130_205809.mp4;0.94;3.36
57_pIIsI2Ao;1;VID_20231130_205809.mp4;3.36;3.627
58_GFIGm7a5;1;VID_20231130_205820.mp4;0;0.26
58_xsKYqhhV;0;VID_20231130_205820.mp4;0.26;2.28
58_PKhfzlIv;1;VID_20231130_205820.mp4;2.28;2.675
59_9lpn17lh;1;VID_20231130_205834.mp4;0;0.24
59_GgoalCMP;0;VID_20231130_205834.mp4;0.24;2.18
59_nRKb4Cju;1;VID_20231130_205834.mp4;2.18;2.414
60_f2QGTXjA;1;VID_20231130_205839.mp4;0;0.28
60_juXfzXYr;0;VID_20231130_205839.mp4;0.28;2.08
60_xnI5POy7;1;VID_20231130_205839.mp4;2.08;2.545
61_5XsvoJV5;0;VID_20231130_205844.mp4;0;1.7
61_9BBbWHOW;1;VID_20231130_205844.mp4;1.7;2.062
62_GN9UuXrV;1;VID_20231130_205849.mp4;0;0.2
62_KC5TvK9h;0;VID_20231130_205849.mp4;0.2;1.96
62_XMjwtLFG;1;VID_20231130_205849.mp4;1.96;2.176
63_C2SH1Z0L;1;VID_20231130_205854.mp4;0;0.16
63_Q2jsxQgO;0;VID_20231130_205854.mp4;0.16;2.1
63_rC7Cpprj;1;VID_20231130_205854.mp4;2.1;2.249
64_icFrnkIc;1;VID_20231130_205859.mp4;0;0.18
64_UyJrreYO;0;VID_20231130_205859.mp4;0.18;2.16
64_iNqQ9XK4;1;VID_20231130_205859.mp4;2.16;2.54
65_fGGnJlYf;1;VID_20231205_203400.mp4;0;2.92
65_Bj4fp6De;0;VID_20231205_203400.mp4;2.92;4.48
66_R0W0Et7d;1;VID_20231205_203412.mp4;0;1.46
66_xZAaaG0t;0;VID_20231205_203412.mp4;1.46;2.9
67_A87hsuvA;1;VID_20231205_203421.mp4;0;1.12
67_RrPj6m2F;0;VID_20231205_203421.mp4;1.12;2.86
67_GAqoGdj8;1;VID_20231205_203421.mp4;2.86;3.086
68_6F2DhXJL;1;VID_20231205_203428.mp4;0;0.94
68_fbnXXU9l;0;VID_20231205_203428.mp4;0.94;2.66
68_sPaNEF5k;1;VID_20231205_203428.mp4;2.66;2.816
69_eWvv6XyX;1;VID_20231205_203436.mp4;0;1
69_xyaiAxjO;0;VID_20231205_203436.mp4;1;2.8
69_hCdvoFBi;1;VID_20231205_203436.mp4;2.8;3.028
70_6XoMzmGX;1;VID_20231205_203442.mp4;0;1.12
70_yC0cZGL6;0;VID_20231205_203442.mp4;1.12;2.74
71_FbKd2xBd;1;VID_20231205_203449.mp4;0;0.56
71_OCMkMkQ6;0;VID_20231205_203449.mp4;0.56;2.26
71_xqEodXX4;1;VID_20231205_203449.mp4;2.26;2.596
72_kMEU2Kl5;1;VID_20231206_193147.mp4;0;1.14
72_DhXjIDkG;0;VID_20231206_193147.mp4;1.14;2.56
72_zrQRRlic;1;VID_20231206_193147.mp4;2.56;2.909
73_SQlh9fCi;1;VID_20231206_193154.mp4;0;0.22
73_kUk9qnvC;0;VID_20231206_193154.mp4;0.22;1.78
73_B6xuzuwT;1;VID_20231206_193154.mp4;1.78;2.123
74_LuOskdTg;1;VID_20231206_193210.mp4;0;0.46
74_FvzrT8CR;0;VID_20231206_193210.mp4;0.46;1.98
75_DlX7BQsY;1;VID_20231206_193217.mp4;0;0.38
75_QXhGMoip;0;VID_20231206_193217.mp4;0.38;2.08
75_GFcadt6f;1;VID_20231206_193217.mp4;2.08;2.478
76_LNKMo1pj;0;VID_20231206_193223.mp4;0;1.74
77_GgXZrKwb;1;VID_20231206_193232.mp4;0;0.5
78_OV9uzGEZ;0;VID_20231206_193241.mp4;0;1.7
78_VHppDGrd;1;VID_20231206_193241.mp4;1.7;1.92
79_LOt248zO;1;VID_20231206_193420.mp4;0;0.9
79_Yyg2a45A;0;VID_20231206_193420.mp4;0.9;2.54
79_ZdxbKh9v;1;VID_20231206_193420.mp4;2.54;2.816
80_gw6N53YF;0;VID_20231111_104423.mp4;0;1.38
81_1iD14WKJ;0;VID_20231111_104449.mp4;0.014;1.336
85_xRJmQXXX;0;VID_20231111_104512.mp4;0.823;1.943
85_9tntX0Ni;1;VID_20231111_104512.mp4;1.943;2.347
86_CKaKX6tT;0;VID_20231111_104519.mp4;0.38;2.16
86_mltavfrA;1;VID_20231111_104519.mp4;0;0.34
87_jscVJIn6;0;VID_20231111_104821.mp4;0;1.06
87_MegMgSV6;1;VID_20231111_104821.mp4;1.06;1.229
90_nP08OX0O;0;VID_20231111_104849.mp4;0.011;0.732
96_eE30rfLa;2;VID_20231111_105410.mp4;0;1.62
97_10dKpRpW;1;VID_20231111_105427.mp4;1.304;1.904
98_aL3aBWTY;2;VID_20231111_105433.mp4;0;1.02
98_k6Z83hNH;1;VID_20231111_105433.mp4;1.02;1.646
99_xciPXfin;2;VID_20231111_105438.mp4;0;1.3
100_sHWSoOTQ;2;VID_20231111_105444.mp4;0;1.2
100_lVUDZslS;1;VID_20231111_105444.mp4;1.2;1.429
101_ehPMSk61;2;VID_20231111_105449.mp4;0;1.48
101_4LG9qRBy;1;VID_20231111_105449.mp4;1.48;2.027
102_UXaYfTPT;2;VID_20231111_105654.mp4;0;0.874
105_hAhdoJ4d;2;VID_20231111_105920.mp4;0;0.832
106_MQg81szE;2;VID_20231111_105929.mp4;0;1.08
106_A7AduR46;1;VID_20231111_105929.mp4;1.08;1.906
107_1NaG8vUX;2;VID_20231111_105936.mp4;0;1.14
108_mrdnJcVl;2;VID_20231111_105942.mp4;0;0.885
109_K8HzZRXS;2;VID_20231111_105947.mp4;0;1.04
110_wG5WBjQc;2;VID_20231111_105953.mp4;0;0.885
111_Vgi3OsXX;2;VID_20231111_105959.mp4;0;0.889
112_Z1AEXzMc;2;VID_20231111_110004.mp4;0;0.952
113_8XHD5Kyq;2;VID_20231111_110329.mp4;0;1.06
114_HIiXVjqK;2;VID_20231111_110336.mp4;0;1.34
115_Xjt6rVBE;2;VID_20231111_110342.mp4;0;1.2
115_RljtYJYt;1;VID_20231111_110342.mp4;1.2;1.472
116_pKvt0axQ;2;VID_20231111_110347.mp4;0;0.832
117_paXnAkNM;2;VID_20231111_110352.mp4;0;0.652
118_WeOd76G5;2;VID_20231111_110357.mp4;0;0.855
119_nXRKb3LL;2;VID_20231111_110401.mp4;0;1.02
120_f7tHYXgX;2;VID_20231111_110406.mp4;0;0.789
121_bEGJgXz8;2;VID_20231111_110411.mp4;0;0.95
122_6xVdWQEo;2;VID_20231111_110415.mp4;0;1.58
123_24YqCnXy;2;VID_20231111_110421.mp4;0;1.92
124_qDjUKmoX;2;VID_20231111_110757.mp4;0;1.04
125_kwM9UDEy;2;VID_20231111_110819.mp4;0.3;1.38
125_Ha7sV3TT;1;VID_20231111_110819.mp4;0;0.32
126_kXLV0yxX;0;VID_20231111_110843.mp4;0;0.868
127_NIHaKvi4;2;VID_20231111_111255.mp4;0;0.949
129_XNnqDrXd;2;VID_20231111_111303.mp4;0;1.2
130_Rw0I7Ezr;2;VID_20231111_111315.mp4;0;0.832
131_D6UAkn58;2;VID_20231111_111330.mp4;0;1.92
131_zV0X1Zxp;1;VID_20231111_111330.mp4;1.92;2.157
132_UPWYfExy;2;VID_20231111_111336.mp4;0;1.62
132_xipglfRT;1;VID_20231111_111336.mp4;1.62;1.92
133_VS77jjOl;2;VID_20231111_111341.mp4;0;0.978
134_zvJCKAow;2;VID_20231111_111346.mp4;0;1.36
134_XRuUb1Xp;1;VID_20231111_111346.mp4;1.36;1.771
135_wYUugWgn;2;VID_20231111_111351.mp4;0;1.64
136_JW3uXg8r;2;VID_20231111_111356.mp4;0;1.1
137_zHl0hdr7;2;VID_20231118_124847.mp4;0;1.7
137_u3gzIMXs;1;VID_20231118_124847.mp4;1.7;1.895
138_POhzIK5O;2;VID_20231118_124852.mp4;0;1.18
138_0D7mQsVZ;1;VID_20231118_124852.mp4;1.18;1.647
139_3XXrubKQ;2;VID_20231118_124857.mp4;0.06;1.62
139_XfuO4984;1;VID_20231118_124857.mp4;1.62;2.065
140_gnXE0yXd;2;VID_20231118_124902.mp4;0.04;1.72
140_X2uBQSbK;1;VID_20231118_124902.mp4;1.72;2.315
141_ugWGYeFj;2;VID_20231118_124908.mp4;0.16;1.84
141_pvjXSKvx;1;VID_20231118_124908.mp4;1.84;2.283
142_783b5zxD;2;VID_20231118_124913.mp4;0;1.86
142_SHyGpLCK;1;VID_20231118_124913.mp4;1.86;2.453
143_2FpXCO2i;2;VID_20231118_124918.mp4;0;1.78
143_8HAQDGc0;1;VID_20231118_124918.mp4;1.78;2.565
144_arYwRREh;2;VID_20231118_124923.mp4;0.32;1.96
144_1Glkq1Om;1;VID_20231118_124923.mp4;1.96;2.294
145_Pq9W3LoF;4;VID_20231111_110656.mp4;0;1.5
146_Jol1vviP;4;VID_20231118_123434.mp4;0;0.64
146_7CFmHu21;1;VID_20231118_123434.mp4;0.64;1.243
147_wzXhlzFe;1;VID_20231118_123450.mp4;0;0.44
147_bWDigb6g;4;VID_20231118_123450.mp4;0.44;1.6
147_pbmYFbUr;1;VID_20231118_123450.mp4;1.6;2.62
148_AnhywIsu;2;VID_20231118_123455.mp4;0.28;1.6
148_vDi6gvq8;1;VID_20231118_123455.mp4;1.6;1.916
149_ksfDXuk4;1;VID_20231118_123500.mp4;0;0.28
149_h7g9ThXa;4;VID_20231118_123500.mp4;0.28;1.44
149_6tCM2Iof;1;VID_20231118_123500.mp4;1.44;1.802
150_L1Xu5rbs;1;VID_20231118_123504.mp4;0;0.26
150_tngcWnIS;4;VID_20231118_123504.mp4;0.26;1.14
150_Dv0wXWU2;1;VID_20231118_123504.mp4;1.14;1.451
151_ezCGUDgZ;4;VID_20231118_123606.mp4;0;1.1
151_ghkjovvF;1;VID_20231118_123606.mp4;1.1;2.56
152_3V1NPgqn;1;VID_20231118_123616.mp4;0;0.32
152_60tHlDkY;4;VID_20231118_123616.mp4;0.32;1.76
152_f5RZtCS4;1;VID_20231118_123616.mp4;1.76;2.304
153_1iHlxpw3;1;VID_20231118_123627.mp4;0;0.39976
153_4XJcRYZS;4;VID_20231118_123627.mp4;0.4;2.1
153_p5DW6fCQ;1;VID_20231118_123627.mp4;2.1;2.631
154_XwmM0N03;1;VID_20231118_123633.mp4;0;0.36
154_tGZQvg3B;4;VID_20231118_123633.mp4;0.36;1.88
154_VQpnBN8b;1;VID_20231118_123633.mp4;1.88;2.709
155_XUHmVO86;1;VID_20231118_123639.mp4;0;0.22
155_kEJ3VJXe;4;VID_20231118_123639.mp4;0.22;1.96
155_PlCz1gab;1;VID_20231118_123639.mp4;1.96;2.386
156_zXbJXmxX;1;VID_20231118_123645.mp4;0;0.34
156_KlwyurFQ;4;VID_20231118_123645.mp4;0.34;2.16
157_IcABSgzs;1;VID_20231118_123650.mp4;0;0.22
157_II8aApIy;4;VID_20231118_123650.mp4;0.22;2.16
158_7e9XtydS;1;VID_20231118_123655.mp4;0;0.88
158_mWNlpAKD;4;VID_20231118_123655.mp4;0.88;2.48
159_BfcXH1H7;1;VID_20231118_123701.mp4;0;0.48
159_U3qEDTM4;4;VID_20231118_123701.mp4;0.48;2.02
160_x3tRg3iW;1;VID_20231118_124411.mp4;0;0.36
160_ZdNHXN9y;4;VID_20231118_124411.mp4;0.36;2.36
161_fq8CiAQV;1;VID_20231118_124417.mp4;0;0.98
161_cjXyL5cu;4;VID_20231118_124417.mp4;0.98;2.56
162_q9OF8yY5;1;VID_20231118_124422.mp4;0;0.64
162_wNtWZzOE;4;VID_20231118_124422.mp4;0.64;2.9
163_41zVbe4x;1;VID_20231118_124427.mp4;0;0.72559
163_WMoGSQ9K;4;VID_20231118_124427.mp4;0.81476;2.666
164_Gz9CTfWl;1;VID_20231118_124433.mp4;0;0.65142
164_S0UCzrOX;4;VID_20231118_124433.mp4;0.651;2.791
165_oXOLgP6e;1;VID_20231118_124438.mp4;0;0.42
165_XS3Hytce;4;VID_20231118_124438.mp4;0.42;2.16
165_F6x0XuKl;1;VID_20231118_124438.mp4;2.16;2.496
166_Bb5Gn9hj;1;VID_20231118_124442.mp4;0;0.44
166_s1TZ0Mdf;4;VID_20231118_124442.mp4;0.44;1.96
167_9ZnZeg08;1;VID_20231118_124447.mp4;0;0.58
167_syDq4zEh;4;VID_20231118_124447.mp4;0.58;1.92
168_YZtXUgYu;1;VID_20231118_124452.mp4;0.00559;0.42
168_0RdyWk2i;4;VID_20231118_124452.mp4;0.42;2
169_JJH9B9QX;1;VID_20231118_124928.mp4;0;0.2
169_qH8oJFbR;4;VID_20231118_124928.mp4;0.2;1.9
169_uDG410qw;1;VID_20231118_124928.mp4;1.9;2.843
170_zIR1TUxb;1;VID_20231118_124934.mp4;0;0.32
170_TXPROeSV;4;VID_20231118_124934.mp4;0.32;1.84
170_RXLoXN9j;1;VID_20231118_124934.mp4;1.84;2.263
171_rWrI6C0W;1;VID_20231118_124939.mp4;0;0.4
171_h16vjLPw;4;VID_20231118_124939.mp4;0.4;1.7
171_CN88a2F9;1;VID_20231118_124939.mp4;1.7;2.096
172_Pzd2Pcq9;1;VID_20231118_124944.mp4;0;0.38
172_D1b4AnKB;4;VID_20231118_124944.mp4;0.38;1.64
172_yrjxrymk;1;VID_20231118_124944.mp4;1.64;2.24
173_2DHGMzA8;1;VID_20231118_124949.mp4;0;0.4
173_N4cmXIlW;4;VID_20231118_124949.mp4;0.4;1.92
173_tu7RR3pd;1;VID_20231118_124949.mp4;1.92;2.4
174_1OngbGQL;1;VID_20231118_124954.mp4;0;0.52
174_4vCwlKxL;4;VID_20231118_124954.mp4;0.52;1.86
174_QDzwyS8L;1;VID_20231118_124954.mp4;1.86;2.277
175_HV7GMjmA;1;VID_20231118_124959.mp4;0;0.46
175_HO3BJXHJ;4;VID_20231118_124959.mp4;0.46;1.94
175_zdoaAj4X;1;VID_20231118_124959.mp4;1.94;2.368
176_IBAV6l6p;1;VID_20231118_125004.mp4;0;0.52
176_5WQYcMWb;4;VID_20231118_125004.mp4;0.52;1.84
176_ltbsr0WL;1;VID_20231118_125004.mp4;1.84;2.501
177_JfToonXY;1;VID_20231118_125009.mp4;0;0.58
177_cOM3diWR;4;VID_20231118_125009.mp4;0.56;2.18
177_uX1d8O2c;1;VID_20231118_125009.mp4;2.18;2.669
178_9nMHcOX0;1;VID_20231118_125015.mp4;0;0.54
178_vuO302dU;4;VID_20231118_125015.mp4;0.54;1.88
178_ydxPS7VE;1;VID_20231118_125015.mp4;1.88;2.069
179_jdOgJ3W3;4;VID_20231130_205201.mp4;0;0.98
180_z2gwsAFT;1;VID_20231130_205208.mp4;0;0.44
180_q6OQkpQD;4;VID_20231130_205208.mp4;0.44;2.1
181_o5AqeVtX;1;VID_20231130_205215.mp4;0;0.72
181_FVoTj3Xs;4;VID_20231130_205215.mp4;0.72;1.94
181_nFlVqMmK;1;VID_20231130_205215.mp4;1.94;2.603
182_DjfCZFXP;1;VID_20231130_205225.mp4;0;0.74
182_VB0jyPUM;4;VID_20231130_205225.mp4;0.74;2.14
183_XG4Hy8OG;1;VID_20231130_205233.mp4;0;0.6
183_fxraGK9I;4;VID_20231130_205233.mp4;0.6;2.18
183_0UV32Usk;1;VID_20231130_205233.mp4;2.18;2.53
184_zmVyioIZ;1;VID_20231130_205239.mp4;0;0.68
184_sAHlX18W;4;VID_20231130_205239.mp4;0.68;1.9
184_fNKrP9uE;1;VID_20231130_205239.mp4;1.9;2.201
185_itLrtv98;1;VID_20231130_205246.mp4;0;0.34
185_hKuD7u7c;4;VID_20231130_205246.mp4;0.34;2.26
186_Ny1sS86E;1;VID_20231130_205253.mp4;0;0.54
186_C7nDTfx2;4;VID_20231130_205253.mp4;0.54;2.02
186_s1kk8kXL;1;VID_20231130_205253.mp4;2.02;2.517
187_jyhX5Y0W;1;VID_20231130_205914.mp4;0;0.38
187_4ZB5uCAv;4;VID_20231130_205914.mp4;0.38;2.06
188_hBNhqQ3V;1;VID_20231130_205919.mp4;0;0.2
188_hiBry6Br;4;VID_20231130_205919.mp4;0.2;1.98
189_XC9oWOXl;1;VID_20231130_205934.mp4;0;0.43892
189_1wHHXb1p;2;VID_20231130_205934.mp4;0.439;2.079
189_4oS2MzWS;1;VID_20231130_205934.mp4;2.079;2.413
190_4ODcOS0n;1;VID_20231130_205939.mp4;0;0.38
190_a3D0g15Y;4;VID_20231130_205939.mp4;0.38;2.1
191_HN1PjBxw;1;VID_20231130_205944.mp4;0;0.56
191_Y08XISTs;4;VID_20231130_205944.mp4;0.56;2.38
192_bitGGew1;4;VID_20231130_205949.mp4;0.2;1.78
192_t4IA4I7G;1;VID_20231130_205949.mp4;0;0.28
193_CdZ5oZij;1;VID_20231130_205954.mp4;0;0.22
193_GZvSXcXC;4;VID_20231130_205954.mp4;0.22;2.08
193_lTsjXXgI;1;VID_20231130_205954.mp4;2.08;2.494
194_z48mohMb;1;VID_20231130_205959.mp4;0;0.14
194_YJV88w5K;4;VID_20231130_205959.mp4;0.14;2.02
194_SCa2S59e;1;VID_20231130_205959.mp4;2.02;2.338
195_24NXLXi8;1;VID_20231130_210004.mp4;0;0.28
195_UxuBly71;4;VID_20231130_210004.mp4;0.28;2.1
195_VymtMqFC;1;VID_20231130_210004.mp4;2.1;2.398
196_XgxVvA3L;1;VID_20231205_203525.mp4;0;0.78
196_tebXyImA;4;VID_20231205_203525.mp4;0.78;2.7
197_kSpePKKa;1;VID_20231205_203533.mp4;0;1
197_orMXj373;4;VID_20231205_203533.mp4;1;3.1
197_79suHDFq;1;VID_20231205_203533.mp4;3.1;3.247
198_4ys5VDxd;1;VID_20231205_203540.mp4;0;1
198_hxhrUKW3;4;VID_20231205_203540.mp4;1;3.06
199_qCxL7bJn;1;VID_20231205_203547.mp4;0;0.96
199_Xmvnd3dE;4;VID_20231205_203547.mp4;0.96;3.36
200_s2WvfYPQ;1;VID_20231205_203554.mp4;0;0.88
200_rcPo2uhH;4;VID_20231205_203554.mp4;0.88;3.06
201_AvUZr2xv;1;VID_20231205_203601.mp4;0;0.75976
201_j5HVFfif;4;VID_20231205_203601.mp4;0.76;3
201_xjCUHJxE;1;VID_20231205_203601.mp4;3;3.163
202_kLJXRq4F;1;VID_20231205_203607.mp4;0;0.38
202_6pSYbwMO;4;VID_20231205_203607.mp4;0.38;2.62
203_QJwFPd9a;1;VID_20231205_203614.mp4;0;0.66
203_cH83AeOi;4;VID_20231205_203614.mp4;0.66;2.84
203_Xj4BdK9I;1;VID_20231205_203614.mp4;2.84;3.203
204_bYgeYXlZ;1;VID_20231205_203621.mp4;0;0.72
204_CTle8dJt;4;VID_20231205_203621.mp4;0.72;3.1
205_mXi3rMnS;1;VID_20231206_193307.mp4;0;0.32
205_tnNcpPXm;4;VID_20231206_193307.mp4;0.32;2.44
206_hwigntwl;1;VID_20231206_193317.mp4;0;0.4
206_qYCY1PNG;4;VID_20231206_193317.mp4;0.4;1.96
206_GXDf8hfP;1;VID_20231206_193317.mp4;1.96;2.133
207_ZXq5wCmD;1;VID_20231206_193323.mp4;0;0.96
207_1mSN3YG8;4;VID_20231206_193323.mp4;0.96;2.14
208_ErgIsv50;1;VID_20231206_193329.mp4;0;0.66
208_s3QfNnha;4;VID_20231206_193329.mp4;0.66;2.24
208_HHp3E9WX;1;VID_20231206_193329.mp4;2.24;2.712
209_5WbEdAU3;1;VID_20231206_193335.mp4;0;0.62
209_SQTg4E14;4;VID_20231206_193335.mp4;0.62;2.18
210_kSXpxoXX;1;VID_20231206_193341.mp4;0;0.47809
211_XWonrQ2F;1;VID_20231206_193346.mp4;0;0.24
211_Xb4tPPjO;4;VID_20231206_193346.mp4;0.24;1.42
211_sEgXS91R;1;VID_20231206_193346.mp4;1.42;1.707
212_0XWSN47t;1;VID_20231206_193351.mp4;0;0.24
212_ZXPPrMx7;4;VID_20231206_193351.mp4;0.24;1.5
212_gMKibQ9d;1;VID_20231206_193351.mp4;1.5;1.719
213_cXVzqTNf;1;VID_20231206_193414.mp4;0;0.42
213_o5cba04J;4;VID_20231206_193414.mp4;0.42;1.46
213_5MDC0L8l;1;VID_20231206_193414.mp4;1.46;1.842
214_4fuxN0q2;1;VID_20231206_193427.mp4;0;0.81142
214_M6VOgEEE;4;VID_20231206_193427.mp4;0.811;1.851
214_sgTfKk8k;1;VID_20231206_193427.mp4;1.851;2.24
215_6QsNoCNb;1;VID_20231206_193433.mp4;0;0.46
215_gEWJTZJw;4;VID_20231206_193433.mp4;0.46;1.5
215_IhuKm7Yy;1;VID_20231206_193433.mp4;1.5;1.848
216_gsasDbXu;1;VID_20231206_193438.mp4;0;0.54
216_POuKkrDq;4;VID_20231206_193438.mp4;0.54;1.52
216_tOAEpal3;1;VID_20231206_193438.mp4;1.52;1.792
217_Xh5BVwYI;1;VID_20231206_193445.mp4;0;0.58
217_eHBfj7lK;4;VID_20231206_193445.mp4;0.58;1.9
217_w0Ya1giU;1;VID_20231206_193445.mp4;1.9;2.112
218_1WW0Ukdf;1;VID_20231206_193451.mp4;0;0.35642
218_cku9Jub0;4;VID_20231206_193451.mp4;0.356;1.316
218_YR0EEXE0;1;VID_20231206_193451.mp4;1.316;1.957
219_iE4r5Dvy;1;VID_20231206_194050.mp4;0;0.44
219_qQYPOIju;7;VID_20231206_194050.mp4;0.44;1.46
220_tUrfRbOg;1;VID_20231206_194554.mp4;0;0.26
220_iX45h20R;4;VID_20231206_194554.mp4;0.26;1.72
221_Ubpfhx8i;1;VID_20231206_194600.mp4;0;0.28
221_RTdZHBMm;4;VID_20231206_194600.mp4;0.28;1.32
222_11GMJWwg;1;VID_20231206_194606.mp4;0;0.34
222_fJOPCXl2;4;VID_20231206_194606.mp4;0.34;1.72
223_X30RSABC;1;VID_20231206_194609.mp4;0;0.72
223_7v73H7b8;4;VID_20231206_194609.mp4;0.72;1.94
224_5XStvVEg;1;VID_20231206_194614.mp4;0;0.46
224_WKGV8ela;4;VID_20231206_194614.mp4;0.46;1.426
225_QIZhjaPZ;1;VID_20231206_194618.mp4;0;0.52892
225_0z57bYV5;4;VID_20231206_194618.mp4;0.529;1.749
226_6QFTTeYX;1;VID_20231206_194622.mp4;0;0.44
226_jPTI6Fru;4;VID_20231206_194622.mp4;0.44;1.82
227_XzbGUsL1;1;VID_20231206_194626.mp4;0;0.64
227_uWnYBbGw;4;VID_20231206_194626.mp4;0.64;1.76
237_xJJX5UH1;6;VID_20231111_110853.mp4;0;0.96
238_4xCiamWH;6;VID_20231111_110857.mp4;0.001;0.677
239_QaNNp7ak;6;VID_20231111_110905.mp4;0;1.2
239_LUqzKXjZ;1;VID_20231111_110905.mp4;1.2;2.107
240_VVouF9X3;6;VID_20231111_110911.mp4;0;0.963
241_DOskZ7Nq;6;VID_20231111_110916.mp4;0;0.891
243_QMrYTCey;6;VID_20231111_110924.mp4;0;1.2
244_PvjgfPvf;6;VID_20231111_110929.mp4;0;1.02
245_itXOgqaf;6;VID_20231111_111406.mp4;0;0.881
246_jaW82it1;6;VID_20231111_111411.mp4;0;1.22
248_W9C1ljmT;6;VID_20231111_111420.mp4;0;1.22
249_q64Vc64h;6;VID_20231111_111427.mp4;0;1.82
249_qwfbpPyI;1;VID_20231111_111427.mp4;1.82;2.517
250_bd5omt7y;6;VID_20231111_111439.mp4;0;0.88
250_rrSOwi3M;1;VID_20231111_111439.mp4;0.88;1.301
252_JR4FlUfU;6;VID_20231111_111449.mp4;0;0.94
252_2mO4XH3j;1;VID_20231111_111449.mp4;0.94;1.54
252_UQVpB0eb;8;VID_20231111_111449.mp4;1.54;1.941
254_hZRgWwSZ;1;VID_20231118_124028.mp4;0;0.42
254_A9T6sdCX;6;VID_20231118_124028.mp4;0.42;1.46
255_LmWPhQNX;1;VID_20231118_124032.mp4;0;0.56
255_3Fh9YXjr;6;VID_20231118_124032.mp4;0.56;1.6
256_XH2fjlxh;1;VID_20231118_124036.mp4;0;0.32
256_qWKeaWql;6;VID_20231118_124036.mp4;0.32;1.239
257_Amr6JbyS;1;VID_20231118_124047.mp4;0;0.34
257_rWqKPQ5t;6;VID_20231118_124047.mp4;0.34;1.64
258_SWXRHBp9;1;VID_20231118_124056.mp4;0;0.22
258_AN3bOHJY;6;VID_20231118_124056.mp4;0.22;1.38
259_oXBfIekF;1;VID_20231118_124059.mp4;0;0.24
259_nqSeVM9L;6;VID_20231118_124059.mp4;0.24;2.1
260_mZfdWlPg;6;VID_20231118_124105.mp4;0;1.08
261_dWCSdBtz;1;VID_20231118_124314.mp4;0;0.26
261_OPdGXNJZ;8;VID_20231118_124314.mp4;0.35642;0.72
261_iejNsJD4;3;VID_20231118_124314.mp4;0.72;2.56
261_BToEfP8G;1;VID_20231118_124314.mp4;2.56;3
262_ZkbNnN2A;1;VID_20231118_124321.mp4;0;0.42142
262_vy3UVu7F;8;VID_20231118_124321.mp4;0.421;1.061
262_JXYbXik4;3;VID_20231118_124321.mp4;1.061;2.781
263_uX8bEYJX;8;VID_20231118_124345.mp4;0;0.44
263_1bnf2qhR;3;VID_20231118_124345.mp4;0.44;2.14
263_NqMGQkjb;1;VID_20231118_124345.mp4;2.14;2.368
267_BTczr1TX;1;VID_20231130_205047.mp4;0;0.34
267_Co45hwkW;6;VID_20231130_205047.mp4;0.34;1.68
267_WCPXQnkA;1;VID_20231130_205047.mp4;1.68;1.844
268_btXXhic1;1;VID_20231130_205055.mp4;0;0.24
268_NFnBu58V;6;VID_20231130_205055.mp4;0.24;1.44
268_m27uKOyZ;1;VID_20231130_205055.mp4;1.44;2.048
269_zEcWYUly;6;VID_20231130_205100.mp4;0;1.66
270_ZbkGtNO8;1;VID_20231130_205106.mp4;0;0.48
270_pmjURam3;6;VID_20231130_205106.mp4;0.48;1.82
270_frrDMWKW;1;VID_20231130_205106.mp4;1.82;2.133
271_iLkEcqU0;6;VID_20231130_205112.mp4;0;1.86
272_aCMa9GqQ;1;VID_20231130_205132.mp4;0;0.28
272_KbAok6mR;6;VID_20231130_205132.mp4;0.28;1.62
273_pKGuQau6;1;VID_20231130_205138.mp4;0;0.3
273_ADva4sj9;6;VID_20231130_205138.mp4;0.3;2.18
273_bNzeQM7J;1;VID_20231130_205138.mp4;2.18;2.432
274_0fuZ5kvs;1;VID_20231130_205146.mp4;0;0.16
274_HwIkkziU;6;VID_20231130_205146.mp4;0.16;1.92
275_gUCsOXXH;1;VID_20231130_210020.mp4;0;0.18
275_TitqF9Zu;8;VID_20231130_210020.mp4;0.18;0.5
275_mTioX3Cl;6;VID_20231130_210020.mp4;0.5;1.6
276_vCJZ0Tyn;1;VID_20231130_210026.mp4;0;0.26
276_XxKOZ0qc;8;VID_20231130_210026.mp4;0.26;0.6
276_sXUQmxRX;6;VID_20231130_210026.mp4;0.6;1.64
276_bNuHY7xo;1;VID_20231130_210026.mp4;1.64;2.01
277_1dEqJqvO;8;VID_20231130_210033.mp4;0;0.28
277_IkaUy0Mb;6;VID_20231130_210033.mp4;0.28;1.6
278_Uy6OyjnT;8;VID_20231130_210038.mp4;0;0.16
278_GLyyPIqu;6;VID_20231130_210038.mp4;0.16;1.3
278_vBxUTXaK;1;VID_20231130_210038.mp4;1.3;1.622
279_OX8DGElL;6;VID_20231130_210043.mp4;0;1.32
279_pNRITxyR;1;VID_20231130_210043.mp4;1.32;1.674
280_uUr4CgVG;8;VID_20231130_210047.mp4;0;0.38
280_8FEiKoPH;6;VID_20231130_210047.mp4;0.38;1.52
280_Vy2gbUwR;1;VID_20231130_210047.mp4;1.52;1.761
281_FWL4g5PT;1;VID_20231130_210051.mp4;0;0.18
281_G8YXjxiW;8;VID_20231130_210051.mp4;0.18;0.48
281_eVJV8BT7;6;VID_20231130_210051.mp4;0.48;1.62
281_WICFxMS4;1;VID_20231130_210051.mp4;1.62;1.954
282_eKDhDPkO;8;VID_20231130_210055.mp4;0;0.26
282_IWYhBH0D;6;VID_20231130_210055.mp4;0.26;1.58
282_IAdc3lbx;1;VID_20231130_210055.mp4;1.58;1.862
283_4SacheLn;8;VID_20231130_210100.mp4;0;0.38
283_PtkEG0oh;6;VID_20231130_210100.mp4;0.38;1.74
284_O7QPqEem;1;VID_20231205_203638.mp4;0;1.72
284_NrZ1jUsx;6;VID_20231205_203638.mp4;1.72;3.04
285_eGbnXq9E;1;VID_20231205_203646.mp4;0;0.74
285_tzFxKs3m;6;VID_20231205_203646.mp4;0.74;2.08
286_f7BpDWLX;1;VID_20231205_203652.mp4;0;0.36
286_pXkMUaXg;8;VID_20231205_203652.mp4;0.36;0.74
286_S5IIArHY;6;VID_20231205_203652.mp4;0.74;1.94
287_NRXjxvNc;1;VID_20231205_203658.mp4;0;0.64
287_xhNJkQ05;6;VID_20231205_203658.mp4;0.64;2.24
288_Nb1XdJcs;1;VID_20231205_203704.mp4;0;0.82
288_kjmTDGtk;6;VID_20231205_203704.mp4;0.82;2.2
289_nfhgXBJj;1;VID_20231205_203711.mp4;0;1.1
289_I2F1e6yD;6;VID_20231205_203711.mp4;1.1;2.44
290_dfaGXFUI;1;VID_20231205_203718.mp4;0;0.58
290_YHm7ppXz;6;VID_20231205_203718.mp4;0.58;1.92
291_ShWGIkGk;1;VID_20231205_203725.mp4;0;0.6
291_ajVro0BM;8;VID_20231205_203725.mp4;0.6;0.84
291_UKTjR1rw;6;VID_20231205_203725.mp4;0.84;1.86
292_m8IZeq3p;1;VID_20231205_203731.mp4;0;0.86
292_BarXzNLF;6;VID_20231205_203731.mp4;0.86;2.42
293_XelpyFun;1;VID_20231206_193457.mp4;0;0.34
293_4dz7tieF;8;VID_20231206_193457.mp4;0.34;0.54
293_FXav57pw;4;VID_20231206_193457.mp4;0.54;1.72
293_PHbVXhRE;1;VID_20231206_193457.mp4;1.72;2.373
294_mPxvNwBX;1;VID_20231206_193519.mp4;0;0.66
294_Ec6KHQXd;6;VID_20231206_193519.mp4;0.66;1.98
295_XKWdvUiH;1;VID_20231206_193528.mp4;0;0.3
295_ndtS7XZT;6;VID_20231206_193528.mp4;0.3;1.34
296_yX2QuR1Z;1;VID_20231206_193532.mp4;0;0.52
296_OQ806J15;6;VID_20231206_193532.mp4;0.52;1.78
297_seaNLwdk;1;VID_20231206_193537.mp4;0;0.42
297_NdSX5QTD;6;VID_20231206_193537.mp4;0.42;1.7
298_9ddlA314;1;VID_20231206_193542.mp4;0;0.22
298_XmAXfnDg;6;VID_20231206_193542.mp4;0.22;1.44
299_QNo2i5o4;8;VID_20231206_193546.mp4;0;0.3
299_nXKVpWjN;6;VID_20231206_193546.mp4;0.3;1.36
300_XXyK4CnF;1;VID_20231206_193550.mp4;0;0.16
300_szTO2N2K;6;VID_20231206_193550.mp4;0.16;1.6
301_MJr53UhR;8;VID_20231206_193554.mp4;0;0.36
301_HlPcSV8S;6;VID_20231206_193554.mp4;0.36;1.64
302_HQ1mwXpr;8;VID_20231206_193606.mp4;0;0.58
302_MtZzxMlq;8;VID_20231206_193606.mp4;0.58;1.26
302_BCknwf52;8;VID_20231206_193606.mp4;1.26;1.98
302_FjdSXYv8;8;VID_20231206_193606.mp4;1.98;2.36
302_lRgSp8DX;0;VID_20231206_193606.mp4;2.36;3.089
302_KYeQpmkH;1;VID_20231206_193606.mp4;3.089;3.289
303_hC8qRKUX;1;VID_20231206_193615.mp4;0;0.36
303_Vw1kXouc;6;VID_20231206_193615.mp4;0.36;1.36
303_3IqqtlRG;1;VID_20231206_193615.mp4;1.36;1.92
304_UPq0z6vH;8;VID_20231206_193620.mp4;0;0.3
304_OZZaTzfX;1;VID_20231206_193620.mp4;0.3;0.68
304_mUE8jK5L;8;VID_20231206_193620.mp4;0.68;0.88
304_IJO6pjY4;8;VID_20231206_193620.mp4;0.88;1.26
304_svvHKZ7N;6;VID_20231206_193620.mp4;1.26;2.157
305_XT29VCFj;1;VID_20231206_193625.mp4;0;0.3
305_JQiH6yNR;6;VID_20231206_193625.mp4;0.3;1.4
306_6wn2uIcd;6;VID_20231206_193636.mp4;0.1;1.26
307_ZJoQFWTy;8;VID_20231206_193641.mp4;0;0.58
307_sU5m3SJQ;6;VID_20231206_193641.mp4;0.58;1.493
308_LCVAJI9v;8;VID_20231206_193646.mp4;0;0.44
308_YWm6sQ2i;6;VID_20231206_193646.mp4;0.44;1.429
309_vUsc34bF;1;VID_20231206_193651.mp4;0;0.24
309_vsjziWp1;6;VID_20231206_193651.mp4;0.24;1.5
310_J4rlT34L;8;VID_20231206_193657.mp4;0;0.46
310_pfwyoa38;6;VID_20231206_193657.mp4;0.46;1.439
311_z0wFN2bD;1;VID_20231206_194630.mp4;0;1.16
311_8FScBtzF;4;VID_20231206_194630.mp4;0.66;2.24
312_CkhWr0Qn;1;VID_20231206_194641.mp4;0;0.52
312_LZ55AH7D;6;VID_20231206_194641.mp4;0.52;1.367
313_BMXmdKd6;1;VID_20231206_194645.mp4;0;0.3
313_3ozGpMZs;6;VID_20231206_194645.mp4;0.3;1.237
314_pANMF6s8;1;VID_20231206_194649.mp4;0;0.26
314_uFQgNNml;6;VID_20231206_194649.mp4;0.26;1.237
315_Z2ZjO6AD;1;VID_20231206_194652.mp4;0;0.24
315_hc2aJwps;6;VID_20231206_194652.mp4;0.24;1.46
316_oRD559Yu;1;VID_20231206_194656.mp4;0;0.14
316_kITIp5B2;6;VID_20231206_194656.mp4;0.14;1.066
317_NanzoRJd;1;VID_20231206_194659.mp4;0;0.38
317_z2zgZoWu;6;VID_20231206_194659.mp4;0.38;1.268
318_gHuIsdbi;6;VID_20231206_194702.mp4;0;1.54
320_PjDAwNHf;2;VID_20231111_110802.mp4;0;1.28
321_z33Ff5qv;3;VID_20231111_110807.mp4;0;1.06
322_cqcuH1o3;3;VID_20231111_110824.mp4;0;1
323_fB5iSicI;3;VID_20231111_110829.mp4;0;0.908
324_o9UY36Xq;0;VID_20231111_110833.mp4;0;1.14
325_JsqgpDWA;1;VID_20231118_123923.mp4;0;0.38
325_4rmQzmyj;3;VID_20231118_123923.mp4;0.38;1.9
327_FeDx5AjM;1;VID_20231118_123936.mp4;0;1.08
327_IyG0X8N7;3;VID_20231118_123936.mp4;1.08;2.36
328_k99KcF7X;1;VID_20231118_123942.mp4;0;1.32
328_XLz3GKvH;3;VID_20231118_123942.mp4;1.32;3.08
328_DEkPRcsi;1;VID_20231118_123942.mp4;3.08;3.477
329_1wg47cXg;1;VID_20231118_123948.mp4;0;0.3
329_FHM4MzGg;3;VID_20231118_123948.mp4;0.3;1.88
330_Y9jnXch3;1;VID_20231118_123953.mp4;0;0.32
330_xm87aAsU;3;VID_20231118_123953.mp4;0.32;1.7
331_NcrrozQ6;1;VID_20231118_123957.mp4;0;0.34
331_61ZVeDMp;3;VID_20231118_123957.mp4;0.34;1.8
332_KCdXFXKC;1;VID_20231118_124002.mp4;0;0.26
332_sPnXctXZ;3;VID_20231118_124002.mp4;0.26;1.8
333_OLGKlxUX;1;VID_20231118_124007.mp4;0;0.32
333_2ULtRVyN;3;VID_20231118_124007.mp4;0.32;1.64
334_vVrKUXwG;1;VID_20231118_124011.mp4;0;0.2
334_7QDSyziK;3;VID_20231118_124011.mp4;0.2;1.42
335_TNSsKmQu;1;VID_20231118_124015.mp4;0;0.52
335_JpywluuR;3;VID_20231118_124015.mp4;0.52;1.68
336_L4tROrck;1;VID_20231118_124327.mp4;0;0.5
336_xXkmQ7dt;8;VID_20231118_124327.mp4;0.5;0.92
336_qGJ0lifC;3;VID_20231118_124327.mp4;0.92;2.78
336_FuIRZ7dE;1;VID_20231118_124327.mp4;2.78;3.142
337_LhHgQkGb;1;VID_20231118_124333.mp4;0;2.88
337_IEmCxjU0;3;VID_20231118_124333.mp4;2.88;5.18
339_QqR8BmgD;1;VID_20231130_205435.mp4;0;0.36
339_uBnZGKg5;3;VID_20231130_205435.mp4;0.36;1.78
340_hqVJicZv;1;VID_20231130_205441.mp4;0;0.24
340_5ldXwh8Y;3;VID_20231130_205441.mp4;0.24;2.88
340_Ew86U4ko;1;VID_20231130_205441.mp4;2.88;3.243
341_WjN2iL8L;1;VID_20231130_205455.mp4;0;0.3
341_UBD8AR3l;3;VID_20231130_205455.mp4;0.3;2.9
342_XBYgJcmV;1;VID_20231130_205502.mp4;0;0.94
342_45iBXyZL;3;VID_20231130_205502.mp4;0.94;2.52
343_4XqiydZQ;1;VID_20231130_205508.mp4;0;0.18
343_7WXMSefx;3;VID_20231130_205508.mp4;0.18;1.92
344_xBPSPKBK;1;VID_20231130_205513.mp4;0;0.28
344_PGTPcSj2;3;VID_20231130_205513.mp4;0.28;3.24
345_EKyOjMgQ;1;VID_20231130_205522.mp4;0;0.48
345_ZrIm5EZR;3;VID_20231130_205522.mp4;0.48;3.04
346_kJXWx1IU;1;VID_20231130_205530.mp4;0;0.3
346_bX47Pfzy;3;VID_20231130_205530.mp4;0.3;4.92
347_stRKg91M;1;VID_20231130_210115.mp4;0;0.18
347_Ru1BhF0K;3;VID_20231130_210115.mp4;0.18;1.72
348_ovFRrYnJ;1;VID_20231130_210123.mp4;0;0.42
348_kmJXTnBu;8;VID_20231130_210123.mp4;0.42;0.74
348_O3gsxy6x;3;VID_20231130_210123.mp4;0.74;1.82
349_ocXt5evS;1;VID_20231130_210127.mp4;0;0.16
349_SxnRTFRX;3;VID_20231130_210127.mp4;0.16;1.68
350_KXv7gHDQ;1;VID_20231130_210131.mp4;0;0.2
350_Eren7Th7;3;VID_20231130_210131.mp4;0.2;1.74
351_2uU31oV4;3;VID_20231130_210136.mp4;0.12;1.54
352_LTwNysSE;3;VID_20231130_210141.mp4;0.1;1.6
353_2vF0wIq5;3;VID_20231130_210146.mp4;0.12;1.72
354_RAZ61aW7;3;VID_20231130_210151.mp4;0;1.76
354_ZlX9D10i;1;VID_20231130_210151.mp4;1.76;2.612
355_J2Whrn5M;3;VID_20231130_210157.mp4;0;1.34
356_VcGBwBKE;1;VID_20231205_203749.mp4;0;0.92
356_8hg2AcBO;3;VID_20231205_203749.mp4;0.92;2.34
357_J1DX4umb;1;VID_20231205_203756.mp4;0;0.68
357_Fi1XFCXj;3;VID_20231205_203756.mp4;0.68;2.24
358_NX2yJYSE;1;VID_20231205_203802.mp4;0;0.34
358_VXhI58e1;3;VID_20231205_203802.mp4;0.34;2.2
359_8wbgF3zX;1;VID_20231205_203808.mp4;0;0.34
359_XXxKIOlv;3;VID_20231205_203808.mp4;0.34;2.12
360_e9OqL8G3;1;VID_20231205_203813.mp4;0;0.5
360_gGGO7zoT;3;VID_20231205_203813.mp4;0.5;2.5
361_SfCx1x4v;1;VID_20231205_203820.mp4;0;0.44
361_rpta9p7M;3;VID_20231205_203820.mp4;0.44;1.94
362_4dv0TCzo;1;VID_20231205_203827.mp4;0;1.02
362_BTJLbzoi;3;VID_20231205_203827.mp4;1.02;2.96
363_VXBjzrXd;1;VID_20231205_203835.mp4;0;0.52
363_AqwVTBws;3;VID_20231205_203835.mp4;0.52;2.22
364_7lvqDwg0;1;VID_20231205_203841.mp4;0;0.52
364_behnax7Z;3;VID_20231205_203841.mp4;0.52;2
365_rwTY5bZW;1;VID_20231206_193713.mp4;0;0.18
365_bR3Nthjh;3;VID_20231206_193713.mp4;0.18;1.74
366_HogO21Jj;1;VID_20231206_193719.mp4;0;0.26
366_fhdR9oUs;3;VID_20231206_193719.mp4;0.26;1.74
367_rhgnuphD;1;VID_20231206_193726.mp4;0;0.3
367_ZXirqvhX;3;VID_20231206_193726.mp4;0.3;1.54
368_TUsYt6uT;1;VID_20231206_193731.mp4;0;0.52
368_YuufXWyB;3;VID_20231206_193731.mp4;0.52;1.88
369_WCrp0vlE;1;VID_20231206_193737.mp4;0;0.24
369_UOW7erBq;3;VID_20231206_193737.mp4;0.24;1.56
370_9d8cJ8Su;1;VID_20231206_193742.mp4;0;0.28
370_LlR9s3SX;3;VID_20231206_193742.mp4;0.28;1.64
371_3QJYID4j;1;VID_20231206_193748.mp4;0;0.38
371_MoQ2sKC5;3;VID_20231206_193748.mp4;0.38;1.92
372_CDWJL4Ai;1;VID_20231206_193753.mp4;0;0.46
372_WUXePpZp;3;VID_20231206_193753.mp4;0.46;1.6
373_8PL07PmV;1;VID_20231206_193759.mp4;0;0.52
373_hnd1kF3K;3;VID_20231206_193759.mp4;0.52;1.82
374_pR2oT4F3;1;VID_20231206_193813.mp4;0;0.28
374_HiVt7zyz;3;VID_20231206_193813.mp4;0.28;1.34
375_u2X99mfT;1;VID_20231206_193818.mp4;0;0.34
375_9UHoEfqB;3;VID_20231206_193818.mp4;0.34;1.5
376_IEFlSE12;8;VID_20231206_193823.mp4;0;0.38
376_bsQGcC0Y;3;VID_20231206_193823.mp4;0.38;1.46
377_KCoWXoba;1;VID_20231206_193827.mp4;0;0.44
377_fMabSWtT;3;VID_20231206_193827.mp4;0.44;1.5
378_60kXcHQx;8;VID_20231206_193833.mp4;0;0.5
378_XNXeGiIq;3;VID_20231206_193833.mp4;0.5;1.455
379_0O4Q4JXt;1;VID_20231206_193838.mp4;0;0.18
379_IXSe5Ac6;3;VID_20231206_193838.mp4;0.18;1.3
380_WT8h9xMA;3;VID_20231206_193843.mp4;0;1.28
381_2cwbuzSn;1;VID_20231206_193848.mp4;0;0.48
381_mPnsJ0zV;3;VID_20231206_193848.mp4;0.48;1.472
382_tjrtSaDy;0;VID_20231206_194706.mp4;0;1.46
383_OTXsXo7X;3;VID_20231206_194716.mp4;0;1.54
384_LhU9XJEb;3;VID_20231206_194721.mp4;0;1.14
385_3TV5zvJA;3;VID_20231206_194725.mp4;0;1.38
386_8RRHZJcs;3;VID_20231206_194729.mp4;0;2.38
387_Xb6QRd1N;3;VID_20231206_194733.mp4;0;1.9
388_1u8z8UOI;3;VID_20231206_194737.mp4;0;1.4
389_3Ct6HSNM;3;VID_20231206_194741.mp4;0;1.48
390_bSqhiqpi;1;VID_20231118_123521.mp4;0;0.68
390_pTB1Rq3J;7;VID_20231118_123521.mp4;0.68;2.18
391_yHdE6YFY;1;VID_20231118_123530.mp4;0;0.28
391_ItdCOKkM;7;VID_20231118_123530.mp4;0.28;1.5
392_xTbaipza;1;VID_20231118_123536.mp4;0;0.3
392_6uUJB2QY;7;VID_20231118_123536.mp4;0.3;1.74
393_CXpwjNui;1;VID_20231118_123540.mp4;0;0.4
393_R39XqISO;7;VID_20231118_123540.mp4;0.4;2.18
394_dl9XXVPU;1;VID_20231118_123548.mp4;0;0.6
394_Uf3q7ahF;7;VID_20231118_123548.mp4;0.6;2.12
395_XhEX8fi0;1;VID_20231118_123709.mp4;0;0.38
395_VaGIiypG;7;VID_20231118_123709.mp4;0.38;2.2
396_bhsV7H8q;1;VID_20231118_123717.mp4;0;2.9
396_A17yg73X;7;VID_20231118_123717.mp4;2.9;4.42
396_wouMKPGr;1;VID_20231118_123717.mp4;4.42;4.866
397_pJoQC97T;1;VID_20231118_123727.mp4;0;0.3
397_3QzbLuKZ;7;VID_20231118_123727.mp4;0.3;1.96
398_LXGuoNMm;1;VID_20231118_123733.mp4;0;0.26
398_gPVk6XPy;7;VID_20231118_123733.mp4;0.26;2.22
399_iokAjpH1;1;VID_20231118_123738.mp4;0;0.24
399_wWMWwpxw;7;VID_20231118_123738.mp4;0.24;2.06
400_LqtlYumF;7;VID_20231118_123743.mp4;0;1.32
400_NDuLph3C;1;VID_20231118_123743.mp4;1.32;1.76
400_V36XmxxK;8;VID_20231118_123743.mp4;1.76;2.716
401_M1EQwfZl;1;VID_20231118_123749.mp4;0;0.3
401_UAS4CaGC;7;VID_20231118_123749.mp4;0.3;1.98
401_rXjbSKzM;8;VID_20231118_123749.mp4;1.98;3.8
402_e9dWg3om;1;VID_20231118_123755.mp4;0;0.26
402_5KAKvJck;7;VID_20231118_123755.mp4;0.26;2.02
403_znpBb6aw;1;VID_20231118_123759.mp4;0;0.24
403_XehCzT5S;7;VID_20231118_123759.mp4;0.24;1.96
403_hXOwHYXp;8;VID_20231118_123759.mp4;1.96;2.432
404_az1YTz5Z;1;VID_20231118_125020.mp4;0;0.22
404_dgvSVQaT;7;VID_20231118_125020.mp4;0.22;1.98
405_2yNEzZk1;1;VID_20231118_125025.mp4;0;0.32
405_XppzzRmr;7;VID_20231118_125025.mp4;0.32;1.96
405_74i3QrCM;1;VID_20231118_125025.mp4;1.96;2.423
406_kXiC38C8;1;VID_20231118_125044.mp4;0;0.18
406_nLPDGeq8;7;VID_20231118_125044.mp4;0.18;1.74
406_ROXvXFVt;1;VID_20231118_125044.mp4;1.74;2.119
407_Y91Ozmwy;1;VID_20231118_125048.mp4;0;0.3
407_9XlZXHIg;7;VID_20231118_125048.mp4;0.3;2.08
407_t7F9bwpu;1;VID_20231118_125048.mp4;2.08;2.388
408_UGbgTtzD;1;VID_20231118_125054.mp4;0;0.22
408_YRfR8HRf;7;VID_20231118_125054.mp4;0.22;2.06
408_iFqw1rQH;1;VID_20231118_125054.mp4;2.06;3.14
408_zf8Vbp6X;8;VID_20231118_125054.mp4;3.14;3.776
409_DHAQi7Tb;7;VID_20231118_125100.mp4;0;1.56
409_mqlCqsBa;1;VID_20231118_125100.mp4;1.56;1.957
410_bO0nLxQ7;1;VID_20231118_125105.mp4;0;1.28
410_izESJhwX;7;VID_20231118_125105.mp4;1.28;2.9
410_jBVE443V;1;VID_20231118_125105.mp4;2.9;3.439
411_gMrevPQa;1;VID_20231118_125111.mp4;0;0.32
411_I9q7igeW;7;VID_20231118_125111.mp4;0.32;1.76
411_X0hCBLZE;1;VID_20231118_125111.mp4;1.76;2.197
412_WKlbjg3Y;1;VID_20231118_125116.mp4;0;0.42
412_lslYGYZG;7;VID_20231118_125116.mp4;0.42;1.96
412_jrxKDJtG;1;VID_20231118_125116.mp4;1.96;2.24
413_HpbJDe8z;1;VID_20231130_205320.mp4;0;0.4
413_lVIQjiRk;7;VID_20231130_205320.mp4;0.4;2.04
414_0vz5GX0B;7;VID_20231130_205327.mp4;0;1.44
415_WAl5OfYt;1;VID_20231130_205332.mp4;0;0.38
415_cYBzXVnY;7;VID_20231130_205332.mp4;0.38;1.72
415_bG05SMJf;1;VID_20231130_205332.mp4;1.72;2.037
416_pI22TbTi;1;VID_20231130_205339.mp4;0;0.42
416_yAerA5IJ;7;VID_20231130_205339.mp4;0.42;1.82
417_LE7wUhP2;1;VID_20231130_205344.mp4;0;0.38
417_pj0KX3yV;7;VID_20231130_205344.mp4;0.38;1.82
418_HNuhuSPQ;7;VID_20231130_205349.mp4;0;1.94
419_xr23nbjo;1;VID_20231130_205355.mp4;0;0.28
419_2rhOLJJM;7;VID_20231130_205355.mp4;0.28;2.18
420_EG0QHvbf;1;VID_20231130_205400.mp4;0;0.26
420_NnfhlFGn;7;VID_20231130_205400.mp4;0.26;1.98
421_V19Y0fKY;1;VID_20231130_205405.mp4;0;0.52
421_7LwsDFCK;7;VID_20231130_205405.mp4;0.52;1.86
421_Q39ss6ql;8;VID_20231130_205405.mp4;1.86;2.188
422_wzZj5qSw;7;VID_20231130_210223.mp4;0;1.62
423_3XFaDzDC;7;VID_20231130_210228.mp4;0;1.6
424_yszToufF;1;VID_20231130_210232.mp4;0;0.62
424_wD18g5Xj;7;VID_20231130_210232.mp4;0.7;2.26
425_mtSjiKC4;7;VID_20231130_210237.mp4;0;1.58
426_OxDe5HEr;7;VID_20231130_210242.mp4;0;1.48
426_q2SyKIGR;8;VID_20231130_210242.mp4;1.48;1.941
428_vXeLjqx9;7;VID_20231130_210251.mp4;0;1.78
429_J4ET04FX;7;VID_20231130_210256.mp4;0;1.48
429_jbRJXVrm;1;VID_20231130_210256.mp4;1.48;1.92
430_pw22km6e;7;VID_20231130_210301.mp4;0;1.62
431_DHhaVHXk;1;VID_20231205_203901.mp4;0;0.52
431_lTuiTUbm;7;VID_20231205_203901.mp4;0.52;1.92
432_XLfx8GX9;1;VID_20231205_203908.mp4;0;0.78
432_TXr9mrsx;7;VID_20231205_203908.mp4;0.78;2.78
433_Ccvmwzc8;1;VID_20231205_203914.mp4;0;0.62
433_X2sdyXWy;7;VID_20231205_203914.mp4;0.62;2.46
434_w0VJSSCQ;1;VID_20231205_203921.mp4;0;2.12
434_tlQhuGmI;7;VID_20231205_203921.mp4;2.12;4.22
435_qOrTXW8m;1;VID_20231205_203929.mp4;0;1.62
435_ewEXKWNW;7;VID_20231205_203929.mp4;1.62;3.54
436_E28XFpYF;1;VID_20231205_203938.mp4;0;0.78
436_xcbC938A;7;VID_20231205_203938.mp4;0.78;2.78
437_SwA8I0Rj;1;VID_20231205_203944.mp4;0;0.98
437_47BpTI2Z;7;VID_20231205_203944.mp4;0.98;2.88
438_XOwvkHb8;1;VID_20231205_203952.mp4;0;0.96
438_Fb1KiBtc;7;VID_20231205_203952.mp4;0.96;3.06
439_NGa38AdP;1;VID_20231205_203959.mp4;0;0.74
439_ogQDsw6K;7;VID_20231205_203959.mp4;0.74;2.8
440_upkQbrfk;1;VID_20231206_193912.mp4;0;0.46
440_YuFe7X8K;7;VID_20231206_193912.mp4;0.46;1.78
441_bX9gGedF;1;VID_20231206_193917.mp4;0;0.18
441_jqDzDHz7;7;VID_20231206_193917.mp4;0.18;1.44
442_XRCXxEP3;7;VID_20231206_193922.mp4;0;1.24
443_DR8XxGNS;7;VID_20231206_193926.mp4;0;1.46
444_r6u229Xv;1;VID_20231206_193931.mp4;0;0.24
444_ovTaDXpd;7;VID_20231206_193931.mp4;0.24;1.86
445_FSKozH4J;7;VID_20231206_193935.mp4;0;1.42
446_CLMvVcU9;7;VID_20231206_193940.mp4;0;1.26
447_54bdPzib;7;VID_20231206_193945.mp4;0;1.4
448_NZxXPbSp;7;VID_20231206_193949.mp4;0;1.44
448_6Z1CWJJW;1;VID_20231206_193949.mp4;1.44;1.696
449_c8i1G9OO;1;VID_20231206_194006.mp4;0;0.3
449_XVOHaWK4;7;VID_20231206_194006.mp4;0.3;1.54
450_Je5n5znI;7;VID_20231206_194011.mp4;0;1.18
451_EXqg5u0W;1;VID_20231206_194019.mp4;0;0.34
451_rqqAXAn8;7;VID_20231206_194019.mp4;0.34;1.46
452_s9yzy1IU;1;VID_20231206_194024.mp4;0;0.2
452_FgR5TJVi;7;VID_20231206_194024.mp4;0;1.7
453_NyaXbOzT;1;VID_20231206_194031.mp4;0;0.54
453_QZ8IyXhq;7;VID_20231206_194031.mp4;0.54;1.94
454_hvpHFptY;7;VID_20231206_194038.mp4;0;1.14
455_OIBpDLUb;1;VID_20231206_194043.mp4;0;0.92
455_59JCJtQk;7;VID_20231206_194043.mp4;0.92;2.42
456_3oNAxuCF;3;VID_20231206_194745.mp4;0;1.4
457_Asc3I0fx;7;VID_20231206_194755.mp4;0;1.54
458_zIZYhnmO;7;VID_20231206_194759.mp4;0;1.44
459_35XOAlbI;7;VID_20231206_194802.mp4;0;1.34
460_T0dX8VMW;7;VID_20231206_194806.mp4;0;1.44
461_Vqc1EkJC;7;VID_20231206_194810.mp4;0;1.72
462_J2b2Tt4O;7;VID_20231206_194813.mp4;0;1.3
463_4zg16QCE;7;VID_20231206_194817.mp4;0;1.48
464_ozieBW4l;7;VID_20231206_194820.mp4;0;1.68
465_XX6GZAkr;7;VID_20231206_194824.mp4;0;1.82
466_Nn1XKIk9;1;VID_20231104_122356.mp4;0;0.28
466_C0vHfh4J;5;VID_20231104_122356.mp4;0.28;2
467_YJBDjFMz;1;VID_20231104_122405.mp4;0;1.36
467_XBlC7JBG;5;VID_20231104_122405.mp4;1.36;2.8
468_eynoTF5X;1;VID_20231104_122411.mp4;0;0.98
468_B4zGvfXI;5;VID_20231104_122411.mp4;0.98;2.92
470_xAfmxbXC;5;VID_20231104_122444.mp4;0;1.54
471_5ylEkuUp;5;VID_20231104_122448.mp4;0.16;1.74
471_961OaRBQ;1;VID_20231104_122448.mp4;1.74;2.197
472_2tqBFrQR;5;VID_20231104_122455.mp4;0;1.76
472_xRpuc8eP;1;VID_20231104_122455.mp4;1.76;2.24
473_lvQeF2Ph;1;VID_20231104_122500.mp4;0;0.54
473_XJgeu0MW;5;VID_20231104_122500.mp4;0.54;2.32
473_XsXxViH5;8;VID_20231104_122500.mp4;2.32;2.934
474_Itq0yWmm;8;VID_20231104_122507.mp4;0;0.82
474_z5C7RwMJ;8;VID_20231104_122507.mp4;0.82;1.96
474_up5yXK0f;1;VID_20231104_122507.mp4;1.96;2.62
474_4sqS9RHY;5;VID_20231104_122507.mp4;2.62;4.52
476_M0r7sNCT;1;VID_20231104_122526.mp4;0;2.54
476_XwcJqcBm;5;VID_20231104_122526.mp4;2.54;4.44
477_6zGkSIEP;1;VID_20231104_122545.mp4;0;1.74
477_TCaV80yW;5;VID_20231104_122545.mp4;1.74;3.38
479_XjXt20mj;1;VID_20231104_122610.mp4;0;0.4
479_qNbBXn1s;5;VID_20231104_122610.mp4;0.4;2.36
480_cZgvYXbK;1;VID_20231104_122622.mp4;0;3.98
480_EK78zBXo;5;VID_20231104_122622.mp4;3.98;5.56
480_sppMnX0D;1;VID_20231104_122622.mp4;5.56;6.505
482_d2c4lv45;1;VID_20231104_122642.mp4;0;0.26
482_Pu9RXUN6;5;VID_20231104_122642.mp4;0.26;1.58
482_XE3OfjoV;1;VID_20231104_122642.mp4;1.58;2.72
483_HXjhX2oW;1;VID_20231104_122649.mp4;0;0.64
483_OhEJuZTY;0;VID_20231104_122649.mp4;0.64;2.3
486_mGuFQrba;5;VID_20231104_122720.mp4;0;1.5
486_2ghQ5HU6;1;VID_20231104_122720.mp4;1.5;1.877
489_n9fiYG7s;5;VID_20231104_122755.mp4;0;1.46
489_qIXD2SN0;1;VID_20231104_122755.mp4;1.46;2.05
490_AME0X2I1;1;VID_20231104_122808.mp4;0;1.2
490_cbea8l1l;5;VID_20231104_122808.mp4;1.2;2.5
491_mQAKCUzU;1;VID_20231104_122814.mp4;0;0.42
491_tgTTmUgE;5;VID_20231104_122814.mp4;0.42;2.1
491_XSGBejb9;1;VID_20231104_122814.mp4;2.1;2.585
492_mBQwNwoX;1;VID_20231104_122837.mp4;0;1.16
492_TirclzNY;5;VID_20231104_122837.mp4;1.16;2.92
494_TGwBqRU6;1;VID_20231104_122853.mp4;0;0.7
494_ZXhS4zn1;5;VID_20231104_122853.mp4;0.7;2.18
495_0ze4RR28;1;VID_20231104_122901.mp4;0;0.4
495_BcgnxzQx;5;VID_20231104_122901.mp4;0.4;2.38
495_oRWVA2yL;1;VID_20231104_122901.mp4;2.38;3.25
496_Of83Bfnq;1;VID_20231104_122908.mp4;0;0.4
496_XGcvXpxy;5;VID_20231104_122908.mp4;0.4;1.9
496_dENPaB9O;1;VID_20231104_122908.mp4;1.9;2.7
497_6eERePX0;1;VID_20231104_122915.mp4;0;0.66
497_5Xt0aZKF;5;VID_20231104_122915.mp4;0.66;2.04
499_hOsG4rXG;1;VID_20231104_122928.mp4;0;0.52
499_pqeX5lTs;5;VID_20231104_122928.mp4;0.52;2.06
499_5ieK5yHb;1;VID_20231104_122928.mp4;2.06;2.989
502_XxfV4CPh;1;VID_20231104_123004.mp4;0;1.32
502_5wDKC2s6;5;VID_20231104_123004.mp4;1.32;2.98
504_X5tOOnWC;1;VID_20231104_123033.mp4;0;0.72
504_ypXsjFzW;5;VID_20231104_123033.mp4;0.72;2.02
504_IXpagnGk;1;VID_20231104_123033.mp4;2.02;2.896
506_9eYXYdZI;1;VID_20231104_123049.mp4;0;1.78
506_PjTEumR7;5;VID_20231104_123049.mp4;1.78;3.56
507_C6tXfdaX;1;VID_20231104_123103.mp4;0;0.68
507_dhJbbTxO;5;VID_20231104_123103.mp4;0.68;1.94
507_5LjgK5e8;1;VID_20231104_123103.mp4;1.94;2.383
509_YUeIIWd7;1;VID_20231104_123118.mp4;0;0.54
509_i1fg7RFE;5;VID_20231104_123118.mp4;0.54;1.94
509_FIxZ2JHw;1;VID_20231104_123118.mp4;1.94;2.232
510_mBsZS54b;1;VID_20231104_123125.mp4;0;0.48
510_7Rd9hyaK;5;VID_20231104_123125.mp4;0.48;2.62
511_78FE1YwI;1;VID_20231104_123132.mp4;0;0.74
511_ed6gOp1C;5;VID_20231104_123132.mp4;0.74;2.72
512_Isaf4mgr;5;VID_20231104_123151.mp4;0;1.58
512_qD6ra02F;1;VID_20231104_123151.mp4;1.58;2.027
513_9jR6dUwF;1;VID_20231104_123158.mp4;0;0.24
513_xrX3AUMd;5;VID_20231104_123158.mp4;0.24;1.96
514_vg7ju9fn;1;VID_20231104_123204.mp4;0;0.48
514_GGDs0035;5;VID_20231104_123204.mp4;0.48;1.68
514_0OvJYDvX;1;VID_20231104_123204.mp4;1.68;2.387
515_vQ0NUHxX;5;VID_20231104_123210.mp4;0;1.34
515_dWIUXLmH;1;VID_20231104_123210.mp4;1.34;1.92
516_CdXdthHj;1;VID_20231104_123217.mp4;0;0.46
516_YXFA24YF;5;VID_20231104_123217.mp4;0.46;2
517_UGgEo3O7;1;VID_20231104_123222.mp4;0;0.24
517_ptzV4eP1;5;VID_20231104_123222.mp4;0.24;1.44
517_jAqQPEzS;1;VID_20231104_123222.mp4;1.44;1.776
518_MdJuN3qK;1;VID_20231104_123227.mp4;0;0.24
518_5aEfIy4Z;5;VID_20231104_123227.mp4;0.24;1.56
518_iJ0qZFA1;1;VID_20231104_123227.mp4;1.56;2.013
519_2Zxvl4yv;5;VID_20231104_123231.mp4;0;1.36
519_O9rdIkjg;1;VID_20231104_123231.mp4;1.36;2.005
520_PqdUmzl5;1;VID_20231104_123249.mp4;0;0.68
520_nPpScJYX;5;VID_20231104_123249.mp4;0.68;2.24
521_dAwqydQN;5;VID_20231104_123254.mp4;0;1.28
521_5L6Tu0Xy;1;VID_20231104_123254.mp4;1.28;4.26
521_fl5UQ96W;5;VID_20231104_123254.mp4;4.26;5.76
522_mpeX88X8;1;VID_20231104_123302.mp4;0;0.94
522_jX5VKFR4;5;VID_20231104_123302.mp4;0.94;2.38
522_rUTg0fJT;1;VID_20231104_123302.mp4;2.38;2.801
523_dn9WskEr;5;VID_20231104_123310.mp4;0;1.74
524_S7XKZBce;1;VID_20231104_123316.mp4;0;1.1
524_9525I0MY;5;VID_20231104_123316.mp4;1.1;2.78
525_gXMdAmIw;1;VID_20231104_123322.mp4;0;1.22
525_pujSMR9Z;5;VID_20231104_123322.mp4;1.22;2.78
525_mGWXaxUm;1;VID_20231104_123322.mp4;2.78;3.2
526_GW72mBuK;5;VID_20231104_123329.mp4;0;1.64
526_VgwvsEnb;1;VID_20231104_123329.mp4;1.64;1.888
527_0wdsIQr6;1;VID_20231104_123334.mp4;0;0.22
527_jGzjvJcW;5;VID_20231104_123334.mp4;0.22;1.7
527_1T6RAWjX;1;VID_20231104_123334.mp4;1.7;2.475
528_Ghw0a5Q8;5;VID_20231104_123347.mp4;0.18;1.42
528_YQ5fdEZA;1;VID_20231104_123347.mp4;1.42;2.197
529_FUrrO5Oi;5;VID_20231104_123352.mp4;0;1.04
529_vXPv5eli;1;VID_20231104_123352.mp4;1.04;1.684
531_Jduhxx3k;1;VID_20231104_123358.mp4;0;0.2
531_2WeLPgpm;5;VID_20231104_123358.mp4;0.2;1.32
531_9w4zBtTY;1;VID_20231104_123358.mp4;1.32;2.047
532_8p5k3fOt;5;VID_20231104_123402.mp4;0;1.32
533_NyXsZYLH;5;VID_20231104_123405.mp4;0;1.42
533_cvtZXf5U;1;VID_20231104_123405.mp4;1.42;1.725
534_FVfhAMyQ;5;VID_20231104_123409.mp4;0;1.38
534_yDCCSG2K;1;VID_20231104_123409.mp4;1.38;1.647
535_lgBuqhtm;5;VID_20231104_123413.mp4;0;1.28
535_7qIBv2wH;1;VID_20231104_123413.mp4;1.28;2.007
536_XxL8KP7n;1;VID_20231104_123427.mp4;0;0.3
536_8XOTMrLx;5;VID_20231104_123427.mp4;0.3;1.7
537_fHX4dhIg;1;VID_20231104_123432.mp4;0;0.28
537_OffXmX3U;5;VID_20231104_123432.mp4;0.28;1.7
537_1TqNtLjE;1;VID_20231104_123432.mp4;1.7;2.288
538_fM8kWGBu;5;VID_20231104_123436.mp4;0.18;1.66
538_RUq6uKtg;8;VID_20231104_123436.mp4;1.66;2.065
539_56WHJwBI;5;VID_20231104_123440.mp4;0;1.52
539_7ggO6rgV;1;VID_20231104_123440.mp4;1.52;2.158
540_3VWYHeK1;5;VID_20231104_123444.mp4;0;1.48
540_h2DdpqqX;8;VID_20231104_123444.mp4;1.48;2.108
541_xg7X1ScV;5;VID_20231104_123447.mp4;0;1.4
541_yzPtBvu8;8;VID_20231104_123447.mp4;1.4;1.675
542_3XBgCl5A;5;VID_20231104_123451.mp4;0;1.48
542_XV8gf3nS;8;VID_20231104_123451.mp4;1.48;1.799
543_S0dV9bNC;5;VID_20231104_123454.mp4;0;1.84
544_fgcMpmvX;5;VID_20231104_123540.mp4;0;1.6
545_DpY95ySU;1;VID_20231104_123544.mp4;0;0.38
545_v0xPG1S6;5;VID_20231104_123544.mp4;0.38;1.9
545_PeclAuoA;1;VID_20231104_123544.mp4;1.9;2.378
546_BEatzDPI;5;VID_20231104_123548.mp4;0;1.68
547_0zf9SFX6;1;VID_20231104_123552.mp4;0;0.22
547_3XsoXIQv;5;VID_20231104_123552.mp4;0.22;1.86
548_ULX9zq3P;5;VID_20231104_123556.mp4;0;1.78
549_1EMXbV7E;5;VID_20231104_123601.mp4;0;1.98
550_VDgpqiOx;5;VID_20231104_123605.mp4;0;1.7
551_NKJsrUi9;5;VID_20231104_123609.mp4;0;1.82
552_LsNlA8dX;5;VID_20231104_123613.mp4;0;1.52
553_XnHlalTa;1;VID_20231111_104216.mp4;0;0.38
553_9htJ9YWh;5;VID_20231111_104216.mp4;0.38;2.5
554_px0KgkN9;1;VID_20231111_104236.mp4;0;0.2
554_h5jHW7vr;5;VID_20231111_104236.mp4;0.2;2.02
555_N2OuWFsD;5;VID_20231111_104245.mp4;0;1.5
555_lVpjgKoY;1;VID_20231111_104245.mp4;1.5;1.792
557_Hhl5enWN;5;VID_20231111_104303.mp4;0;1.48
558_XKOxhX5g;5;VID_20231111_104309.mp4;0;1.28
559_607QQRSZ;5;VID_20231111_104316.mp4;0;1.44
560_Gi7jHP3V;5;VID_20231111_104322.mp4;0;1.18
560_nRrhBeRr;1;VID_20231111_104322.mp4;1.18;1.502
562_wTuBcuoF;5;VID_20231111_104334.mp4;0;1.36
562_E93fCEhJ;1;VID_20231111_104334.mp4;1.36;1.685
563_Jw7BIRr4;5;VID_20231111_104354.mp4;0;1.82
564_z52CAbHy;5;VID_20231111_104400.mp4;0;1.3
566_ogmwwVUr;5;VID_20231111_110238.mp4;0;1.2
568_feytGD3k;5;VID_20231111_110253.mp4;0;1.7
569_ffDXRLDe;5;VID_20231111_110258.mp4;0;1.64
571_FUYaXTqM;5;VID_20231111_110312.mp4;0;1.3
572_2pvkZhom;5;VID_20231111_110318.mp4;0;1.7
573_2l43PEIJ;1;VID_20231111_111036.mp4;0;2.66
573_8YnQmZRq;5;VID_20231111_111036.mp4;2.66;3.88
574_ACAnUXTW;1;VID_20231111_111115.mp4;0;0.28
574_pjS91XcI;5;VID_20231111_111115.mp4;0.28;1.94
576_UEwRuRdH;5;VID_20231111_111154.mp4;0;1.42
578_qphP5Lis;5;VID_20231111_111214.mp4;0;0.929
579_urXCqbIO;5;VID_20231111_111218.mp4;0;1.08
581_bcO44sPZ;5;VID_20231111_111228.mp4;0;1.14
582_69sWpl5y;5;VID_20231111_111236.mp4;0;1.02
583_eI2vPmkS;5;VID_20231111_111240.mp4;0;0.932
584_NcxQZNZg;5;VID_20231111_111244.mp4;0;0.815
40_9V4vj7mJ;0;VID_20231118_124753.mp4;0.24;1.46
40_S0fEqWoM;1;VID_20231118_124753.mp4;1.48;2.4
77_auPRHdyG;0;VID_20231206_193232.mp4;0.5;1.98
99_pbpKYtQY;1;VID_20231111_105438.mp4;1.3;1.702
179_Kbif70s8;1;VID_20231130_205201.mp4;0.98;1.341
210_mTllO6Ex;4;VID_20231206_193341.mp4;0.478;1.598
585_Lmj3B9Nw;3;VID_20231118_124349.mp4;0.078;1.398
